place_id,name,description,is_spending_on_ads,reviews,rating,competitors,website,phone,can_claim,owner_name,owner_profile_link,featured_image,main_category,categories,workday_timing,is_temporarily_closed,closed_on,address,review_keywords,link,query
ChIJVTbOcdBGvDsR5FXaw3PiDpo,Aryana Guest House - Sea View,,,2238,4.1,,,089883 38383,,Aryana Guest House - Sea View (Owner),https://www.google.com/maps/contrib/117543121265331652571,https://lh3.ggpht.com/p/AF1QipPAY_MqnFDEOSGirKxnOLe-wC4IcGuKFwJt2iMP=s1024,Resort hotel,"Resort hotel, Guest house, Hotel, Lodge",,,Open All Days,"Beach road, Murdeshwar Temple Main Rd, Matadahitlu, Murdeshwar, Karnataka 581350","balcony, hot water, distance, clean rooms, budget, shiva, statue, cooperative, scuba diving, m. r. r. vasu",https://www.google.com/maps/place/Aryana+Guest+House+-+Sea+View/data=!4m10!3m9!1s0x3bbc46d071ce3655:0x9a0ee273c3da55e4!5m2!4m1!1i2!8m2!3d14.0921934!4d74.4883581!16s%2Fg%2F11cjp6_ft_!19sChIJVTbOcdBGvDsR5FXaw3PiDpo?authuser=0&hl=en&rclk=1,resort in murudeshwar
ChIJtdOI5ttGvDsRvc9gcrVbLtA,RNS Residency,Temple side property with beautiful views of the Arabian Sea,,4398,4.2,,https://www.naveenhotels.com/RNS-Residency/,087624 71752,,RNS Residency (Owner),https://www.google.com/maps/contrib/113432180573784948162,https://lh3.ggpht.com/p/AF1QipMhFIfVI7tv2p3LdI3t7aXCe6e3ctGiUFZBfPKb=s1024,Hotel,Hotel,,,Open All Days,"Murudeshwar Temple Hwy, Murdeshwar, Karnataka 581350","balcony, renovation, room service, vegetarian, shiva, statue, premises, gopuram, shore, tariff",https://www.google.com/maps/place/RNS+Residency/data=!4m10!3m9!1s0x3bbc46dbe688d3b5:0xd02e5bb57260cfbd!5m2!4m1!1i2!8m2!3d14.0950465!4d74.4830117!16s%2Fg%2F1tdqrzy2!19sChIJtdOI5ttGvDsRvc9gcrVbLtA?authuser=0&hl=en&rclk=1,resort in murudeshwar
ChIJk36y4SdHvDsRn1kmUx76S8s,Mavalli Beach Heritage Home,,,224,4.1,,https://mavallibeachheritage.in/,099017 67993,,Mavalli Beach Heritage Home (Owner),https://www.google.com/maps/contrib/113949953430961127298,https://lh3.ggpht.com/p/AF1QipOrfdYKYh4M5f9PsUqksMZy3gBo_bsnxkSHze07=s1024,Home Stay,"Home Stay, Hotel",,,Open All Days,"Beach Heritage Home, 1, Murudeshwar Temple Hwy, Hiredomi, Mavalli, Murdeshwar, Karnataka 581350","hospitality, balcony, antique, sea, resort, money, suite, furniture, lord shiva, comfortable",https://www.google.com/maps/place/Mavalli+Beach+Heritage+Home/data=!4m10!3m9!1s0x3bbc4727e1b27e93:0xcb4bfa1e5326599f!5m2!4m1!1i2!8m2!3d14.1039667!4d74.4880776!16s%2Fg%2F1hm64vx5m!19sChIJk36y4SdHvDsRn1kmUx76S8s?authuser=0&hl=en&rclk=1,resort in murudeshwar
ChIJWcTFhEpBvDsRG3rMs0aoi1Y,RNS Golf Resort,,,754,4,,https://www.naveenhotels.com/RNS-Golf-Resort/,087624 71752,,RNS Golf Resort (Owner),https://www.google.com/maps/contrib/118308683726221411643,https://lh3.ggpht.com/p/AF1QipOZXOMYVLizBMXOTtaEzVuNEs7UzXjPEoAYS-IH=s1024,Resort hotel,Resort hotel,,,Open All Days,"Ternamakki, Karnataka 581421","beach, property, balcony, golf course, lawn, beautiful, peacocks, gate, evening, peaceful",https://www.google.com/maps/place/RNS+Golf+Resort/data=!4m10!3m9!1s0x3bbc414a84c5c459:0x568ba846b3cc7a1b!5m2!4m1!1i2!8m2!3d14.0635013!4d74.4980393!16s%2Fg%2F1s04ft9dq!19sChIJWcTFhEpBvDsRG3rMs0aoi1Y?authuser=0&hl=en&rclk=1,resort in murudeshwar
ChIJC1k9EQRHvDsRr9WLJb1PUA0,MURDESHWAR BEACH RESIDENCY,,,45,4.2,,,,,MURDESHWAR BEACH RESIDENCY (Owner),https://www.google.com/maps/contrib/101334913022623912201,https://lh3.ggpht.com/p/AF1QipNbywyZT0WP9M1UAUCpe8HE1lbOnB5rPFRXffWD=s1024,Resort hotel,"Resort hotel, Lodge",,,Open All Days,"Golf beach road, Matadahitlu, Murdeshwar, Karnataka 581350",,https://www.google.com/maps/place/MURDESHWAR+BEACH+RESIDENCY/data=!4m10!3m9!1s0x3bbc4704113d590b:0xd504fbd258bd5af!5m2!4m1!1i2!8m2!3d14.0877333!4d74.4891407!16s%2Fg%2F11t7t1slpk!19sChIJC1k9EQRHvDsRr9WLJb1PUA0?authuser=0&hl=en&rclk=1,resort in murudeshwar
ChIJrzoYXnBHvDsR_WQYFzyYjGo,Seapearl Homestay Murudeshwar,,,155,4.7,,https://seapearlhomestay.homestaybuddy.in/,,,Seapearl Homestay Murudeshwar (Owner),https://www.google.com/maps/contrib/100303658564279376178,https://lh3.ggpht.com/p/AF1QipP6TrALWV7bQnGbAHrGtZk9DTw-ULn-I7xVWAqT=s1024,Home Stay,"Home Stay, Beach volleyball club, Guest house, Hotel, Lodge, Resort hotel, Restaurant",,,Open All Days,"Ocean Edge Beach Resort Rd, Murdeshwar, Bailur, Karnataka 581350","beach, distance, price, clean room, property, hospitality, hygiene, cooperative, walk, peaceful",https://www.google.com/maps/place/Seapearl+Homestay+Murudeshwar/data=!4m10!3m9!1s0x3bbc47705e183aaf:0x6a8c983c171864fd!5m2!4m1!1i2!8m2!3d14.1189075!4d74.4862826!16s%2Fg%2F11r6h9s34w!19sChIJrzoYXnBHvDsR_WQYFzyYjGo?authuser=0&hl=en&rclk=1,resort in murudeshwar
ChIJCfWMWqFHvDsRUCCt8f_3-Hg,Murudeshwara Ocean Edge Beach Resort,,,2244,4.6,,https://www.murdeshwaroceanedge.com/,086609 65151,,Murudeshwara Ocean Edge Beach Resort (Owner),https://www.google.com/maps/contrib/113647513810691582311,https://lh3.ggpht.com/p/AF1QipM5TLz6xS6uR443sUS3MxkVnaAkv8xSvudEr6A4=s1024,Resort hotel,Resort hotel,,,Open All Days,"Near Temple, Murdeshwar, Karnataka 581350","meals, clean rooms, cottages, snacks, homestay, private beach, plates, super food, healthy environment, dormitory",https://www.google.com/maps/place/Murudeshwara+Ocean+Edge+Beach+Resort/data=!4m10!3m9!1s0x3bbc47a15a8cf509:0x78f8f7fff1ad2050!5m2!4m1!1i2!8m2!3d14.1118871!4d74.4856204!16s%2Fg%2F11j47x91sy!19sChIJCfWMWqFHvDsRUCCt8f_3-Hg?authuser=0&hl=en&rclk=1,resort in murudeshwar
ChIJ9zzFW9JBvDsR5J35VOP_r6k,"Coastal Pearl Homestay - Murudeshwar, Karnataka",,,320,4.9,,https://www.coastalpearlhomestay.com/,063615 53206,,"Coastal Pearl Homestay - Murudeshwar, Karnataka (Owner)",https://www.google.com/maps/contrib/106269059000776082626,https://lh3.ggpht.com/p/AF1QipMUicwuX4PDJzfSPV28VbDFRIFf7-FSt7IOhtg2=s1024,Home Stay,Home Stay,,,Open All Days,"1, Hotel Road, opp. to RNS Highway, Konarkeri, Mavalli, Murdeshwar, Karnataka 581350","property, hospitality, highway, management, feel, needs, vacation, beach, narasimha, hills","https://www.google.com/maps/place/Coastal+Pearl+Homestay+-+Murudeshwar,+Karnataka/data=!4m10!3m9!1s0x3bbc41d25bc53cf7:0xa9afffe354f99de4!5m2!4m1!1i2!8m2!3d14.0965413!4d74.5102689!16s%2Fg%2F11swzl6yk_!19sChIJ9zzFW9JBvDsR5J35VOP_r6k?authuser=0&hl=en&rclk=1",resort in murudeshwar
ChIJ2fUJCwBHvDsR24WDotNJdlY,Shivani’s sunset bay beach resort,,,7,5,,,,1,Shivani’s sunset bay beach resort (Owner),,https://lh3.ggpht.com/p/AG0ilSwfL8X3CRMzdOZMZDByoKB6NJJBXpvjF1V8Qq62f3yHbfWDD7jUMhb3471lnN9RCwEZQGpXBY_txg_DGS2648QKYVxysuqQKawSk7fxO1lvv-URnfZ_XXzsCzZ9mdwwwz-rV7QUg0Vj1Ern=s1024,Resort hotel,Resort hotel,,,Open All Days,"4F7P+PG, Bastimakki, Karnataka 581350",,https://www.google.com/maps/place/Shivani%E2%80%99s+sunset+bay+beach+resort/data=!4m10!3m9!1s0x3bbc47000b09f5d9:0x567649d3a28385db!5m2!4m1!1i2!8m2!3d14.113634!4d74.485256!16s%2Fg%2F11xycxp5nh!19sChIJ2fUJCwBHvDsR24WDotNJdlY?authuser=0&hl=en&rclk=1,resort in murudeshwar
ChIJVzpcBwBHvDsRWXLLxJIYFTs,Aarna Coastal Resort,,,194,4.7,,https://aarnacoastalresort.com/,097398 83322,,Aarna Coastal Resort (Owner),https://www.google.com/maps/contrib/105695904565076480979,https://lh3.ggpht.com/p/AF1QipMnyL1NR2tCRq1O__jW16jSkHZO_n5JU15neXxb=s1024,Resort hotel,"Resort hotel, Hotel",,,Open All Days,"sannabalse, Murdeshwar, Karnataka 581350","property, hygiene, beach, price, amenities, shravan, peacocks, spiritual, non-vegetarian, individual",https://www.google.com/maps/place/Aarna+Coastal+Resort/data=!4m10!3m9!1s0x3bbc4700075c3a57:0x3b151892c4cb7259!5m2!4m1!1i2!8m2!3d14.1191458!4d74.4972755!16s%2Fg%2F11wx6zd427!19sChIJVzpcBwBHvDsRWXLLxJIYFTs?authuser=0&hl=en&rclk=1,resort in murudeshwar
ChIJ78tM2tlGvDsRSVEHfwnTIQ4,Amani Beach Home stay,,,825,4.6,,http://www.amanibeachhomestay.in/,074069 03665,,Amani Beach Home stay (Owner),https://www.google.com/maps/contrib/104979486724811083266,https://lh3.ggpht.com/p/AF1QipMcGbs3pXFSPd-m2DcQm9iujMdfZv-hGAK702yb=s1024,Home Stay,"Home Stay, Hotel",,,Open All Days,"Naveen Beach Rd, Qazi Mohalla, Murdeshwar, Karnataka 581350","hygienic, dormitory, sea, clean rooms, barbecue, sunset, distance, budget, cooperative, lord shiva",https://www.google.com/maps/place/Amani+Beach+Home+stay/data=!4m10!3m9!1s0x3bbc46d9da4ccbef:0xe21d3097f075149!5m2!4m1!1i2!8m2!3d14.1006916!4d74.4875226!16s%2Fg%2F11clwmr8b7!19sChIJ78tM2tlGvDsRSVEHfwnTIQ4?authuser=0&hl=en&rclk=1,resort in murudeshwar
ChIJhePJ5yVHvDsRG0skhy3eJJw,Ocean View Residency,,,269,4.7,,,096201 36677,,Ocean View Residency (Owner),https://www.google.com/maps/contrib/105935998839596519311,https://lh3.ggpht.com/p/AF1QipOrWPcZ4hp0lcZZu4INsIIgkcmu05DuZi_W71Sa=s1024,Home Stay,Home Stay,,,Open All Days,"Beach Road, Matadahitlu, Murdeshwar, Karnataka 581350","beach, clean rooms, parking, hot water, budget, cooperative, distance, hygiene, walking, room service",https://www.google.com/maps/place/Ocean+View+Residency/data=!4m10!3m9!1s0x3bbc4725e7c9e385:0x9c24de2d87244b1b!5m2!4m1!1i2!8m2!3d14.0906533!4d74.4893847!16s%2Fg%2F11vk880fmr!19sChIJhePJ5yVHvDsRG0skhy3eJJw?authuser=0&hl=en&rclk=1,resort in murudeshwar
ChIJF0F4hKxHvDsRLUbWNs_wEfg,Murudeshwar Rooms,,,11,3,,https://staymaker-murudeshwara.weebly.com/,,,Murudeshwar Rooms (Owner),https://www.google.com/maps/contrib/111520140801309766517,https://lh3.ggpht.com/p/AG0ilSzKQJG4au_XngTcyvgLvJu1plC4L8pS-wuYg7B1BpCxXixrQSE1xGD-1Ls3zXyxRuQ9d7rRv-0rcOR1g4rkipNBylgdondpffNWP36IE-XwKA87kqBoHo41fiV2F_9zdhBCGkIA=s1024,Lodge,Lodge,,,Open All Days,"Murudeshwar Temple Hwy, Matadahitlu, Murdeshwar, Karnataka 581350",,https://www.google.com/maps/place/Murudeshwar+Rooms/data=!4m10!3m9!1s0x3bbc47ac84784117:0xf811f0cf36d6462d!5m2!4m1!1i2!8m2!3d14.0895048!4d74.4929833!16s%2Fg%2F11srd2wyz0!19sChIJF0F4hKxHvDsRLUbWNs_wEfg?authuser=0&hl=en&rclk=1,resort in murudeshwar
ChIJQ24jlQRHvDsRAuxYJ2YAw5s,KVK Beach Residency,,,153,4.6,,https://kvkbeachresidency.com/,094783 83833,,KVK Beach Residency (Owner),https://www.google.com/maps/contrib/102040319821490986107,https://lh3.ggpht.com/p/AF1QipOm8z4y6-C015dGSI9a2FHf0qNivnyrf_HPWftr=s1024,Home Stay,Home Stay,,,Open All Days,"3FWP+PRV, Naveen Beach Rd, Murdeshwar, Karnataka 581350","wifi, amenities, tv, service, price, clean rooms, hot water, network, sea, budget",https://www.google.com/maps/place/KVK+Beach+Residency/data=!4m10!3m9!1s0x3bbc470495236e43:0x9bc300662758ec02!5m2!4m1!1i2!8m2!3d14.0969435!4d74.4873358!16s%2Fg%2F11jyffl5rq!19sChIJQ24jlQRHvDsRAuxYJ2YAw5s?authuser=0&hl=en&rclk=1,resort in murudeshwar
ChIJz3rYq9tGvDsR7sjKPQffLpA,RNS Guest House,,,114,3.7,,http://www.naveenhotels.com/,063649 16047,,RNS Guest House (Owner),https://www.google.com/maps/contrib/112977390972635997832,https://lh3.ggpht.com/p/ALd4DhEqLJ-O1SlottjwWZNC4RGrmMBtL32N4ugfVKG4V6RBhMCfYW1dFpd_eNdLgWS-dzNez6YdLDe5GnAlb75mes4Y0wirpBOh_xr3eomrcEsGBbtSJmwZMtpAC-O1tRKXJOnbZ54C6OzxFcsbiKnq-5RV80JWzJACbor9jFWWYUZiXTwtH4bT7X8C=s1024,Guest house,Guest house,,,Open All Days,"Murdeshwar, Karnataka","room service, statue, balcony, price, wifi, property, coupon, shiva, tea, window",https://www.google.com/maps/place/RNS+Guest+House/data=!4m10!3m9!1s0x3bbc46dbabd87acf:0x902edf073dcac8ee!5m2!4m1!1i2!8m2!3d14.0930164!4d74.484451!16s%2Fg%2F11ggzcw4tr!19sChIJz3rYq9tGvDsR7sjKPQffLpA?authuser=0&hl=en&rclk=1,resort in murudeshwar
ChIJX336RgBHvDsRzscoMVlTlYw,Canara Vibes Home Stay,,,534,4.9,,https://www.canaravibes.com/,089041 75022,,Canara Vibes Home Stay (Owner),https://www.google.com/maps/contrib/115604952604912420668,https://lh3.ggpht.com/p/AF1QipOgf6eRnFzbVKQ1ES_pwdPu9vHaWR4I6s172RKf=s1024,Home Stay,Home Stay,,,Open All Days,"Beach Road, Church Cross, Matadahitlu, Murdeshwar, Karnataka 581350","beach, clean rooms, cooperative, hot water, walking, parking space, menu, ev charging, food delivery, premises",https://www.google.com/maps/place/Canara+Vibes+Home+Stay/data=!4m10!3m9!1s0x3bbc470046fa7d5f:0x8c9553593128c7ce!5m2!4m1!1i2!8m2!3d14.0899626!4d74.4907959!16s%2Fg%2F11vwzrqhn8!19sChIJX336RgBHvDsRzscoMVlTlYw?authuser=0&hl=en&rclk=1,resort in murudeshwar
ChIJM6Dxv9BGvDsRAgkEzIsDMFM,Dhenu Atithya,"Unfussy rooms, some with air-conditioning, in a bright, cosy property with a Chinese restaurant.",,2521,3.8,,,096206 25718,,Dhenu Atithya (Owner),https://www.google.com/maps/contrib/115514236961356069230,https://lh3.ggpht.com/p/AF1QipOwiSzucTk8ipyhC-JTGNcToL7YoplcKQ6pPnB7=s1024,Hotel,Hotel,,,Open All Days,"Bus Stand, Murudeshwar Temple Hwy, opp. KSRTC Ticket Booking Centre, Gangavati, Murdeshwar, Karnataka 581350","hot water, vegetarian, distance, pooja, cow, budget, parking space, non veg, shiva, bed bugs",https://www.google.com/maps/place/Dhenu+Atithya/data=!4m10!3m9!1s0x3bbc46d0bff1a033:0x5330038bcc040902!5m2!4m1!1i2!8m2!3d14.0943081!4d74.489089!16s%2Fg%2F124ygd95l!19sChIJM6Dxv9BGvDsRAgkEzIsDMFM?authuser=0&hl=en&rclk=1,resort in murudeshwar
ChIJeVCR_NlGvDsRtu5OHWGRdn4,Naveen Beach Resort,"Casual hotel with modest rooms & a suite, plus 2 restaurants, including 1 with sea views.",,1420,3.7,,http://www.naveenhotels.com/,087624 71917,,Naveen Beach Resort (Owner),https://www.google.com/maps/contrib/107628865478189349246,https://lh3.ggpht.com/p/AF1QipNG-XIfkdhS_ZEkQ1-v6IARbPGl0rgTwFgYfSks=s1024,Resort hotel,Resort hotel,,,Open All Days,"Naveen Beach Rd, Murdeshwar, Karnataka 581350","taste, veg food, sea food, room service, quality, evening, statue, lord shiva, biriyani, prawns",https://www.google.com/maps/place/Naveen+Beach+Resort/data=!4m10!3m9!1s0x3bbc46d9fc915079:0x7e7691611d4eeeb6!5m2!4m1!1i2!8m2!3d14.0963276!4d74.4873751!16s%2Fg%2F1tkc53t1!19sChIJeVCR_NlGvDsRtu5OHWGRdn4?authuser=0&hl=en&rclk=1,resort in murudeshwar
ChIJcQ6UiNNGvDsR7rKXuSm54uc,Shree Vinayaka Residency,"Unfussy rooms, some with air conditioning, in a down-to-earth hotel with a restaurant.",,1393,3.8,,http://shreevinayakaresidency.com/,095359 61455,,Shree Vinayaka Residency (Owner),https://www.google.com/maps/contrib/111730581945452639599,https://lh3.ggpht.com/p/AF1QipP6MXYgwSd1zDqLQ07h4xQjmwJfxusQI9_vuyun=s1024,Lodge,"Lodge, Restaurant",,,Open All Days,"Murudeshwar Temple Main Road, Murudeshwara, Opp H.P Gas, Bhatkal, Karnataka 581350","hot water, beach, car parking, check in, railway station, room service, mosquitoes, intercom, value, ventilation",https://www.google.com/maps/place/Shree+Vinayaka+Residency/data=!4m10!3m9!1s0x3bbc46d388940e71:0xe7e2b929b997b2ee!5m2!4m1!1i2!8m2!3d14.0953712!4d74.4957363!16s%2Fg%2F11b6gg3c1g!19sChIJcQ6UiNNGvDsR7rKXuSm54uc?authuser=0&hl=en&rclk=1,resort in murudeshwar
ChIJAwK95ydHvDsRRri720sO3oo,Vrindhavan Homestay,,,183,4.8,,,077959 56196,,Vrindhavan Homestay (Owner),https://www.google.com/maps/contrib/106486366446045853133,https://lh3.ggpht.com/p/AF1QipM5L972U76LDbMLTtaDWjNTkkwQ-rfPD0BGvJ5c=s1024,Home Stay,"Home Stay, Extended stay hotel, Farmstay, Guest house, Gym, Gymnastics center, Hotel, Lodge",,,Open All Days,"Gangavati, Murdeshwar, Karnataka 581350","hospitality, property, trip, amenities, beach, hygiene, management, team, scuba diving, language barrier",https://www.google.com/maps/place/Vrindhavan+Homestay/data=!4m10!3m9!1s0x3bbc4727e7bd0203:0x8ade0e4bdbbbb846!5m2!4m1!1i2!8m2!3d14.0906828!4d74.4940432!16s%2Fg%2F11vkdmvzkc!19sChIJAwK95ydHvDsRRri720sO3oo?authuser=0&hl=en&rclk=1,resort in murudeshwar
ChIJIa_fL5xHvDsRUeqsIafM9wU,Pushkar Cottages Murdeshwar,,,208,3.8,,https://pushkarcottages.com/,091142 22111,,Pushkar Cottages Murdeshwar (Owner),https://www.google.com/maps/contrib/100172692148850594772,https://lh3.ggpht.com/p/AF1QipPqnf1SVGZsa2vksmSPkDS8Gxsp-oMnHlH40-ON=s1024,Resort hotel,Resort hotel,,,Open All Days,"Ocean Edge, Beach Road, Murdeshwar, Karnataka 581350","property, beach, manager, dinner, room service, lord shiva, bedsheets, behaviour, vehicle, kids",https://www.google.com/maps/place/Pushkar+Cottages+Murdeshwar/data=!4m10!3m9!1s0x3bbc479c2fdfaf21:0x5f7cca721acea51!5m2!4m1!1i2!8m2!3d14.1117662!4d74.4877942!16s%2Fg%2F11rkq8hm0f!19sChIJIa_fL5xHvDsRUeqsIafM9wU?authuser=0&hl=en&rclk=1,resort in murudeshwar
ChIJK4DyE9tHvDsRiaTNSpJo2pY,Kamath's Holiday's Inn,,,18,3.6,,,081476 30977,,Kamath's Holiday's Inn (Owner),https://www.google.com/maps/contrib/115890878213347014215,https://lh3.ggpht.com/p/AF1QipMvfmLI_Trch-RG2PWrXgeCppOnr40YLrklevKw=s1024,Lodge,Lodge,,,Open All Days,"2, Temple Road, Gardigadde, Gangavati, Murdeshwar, Mavalli, Karnataka 581350","price, budget, parking, book",https://www.google.com/maps/place/Kamath%27s+Holiday%27s+Inn/data=!4m10!3m9!1s0x3bbc47db13f2802b:0x96da68924acda489!5m2!4m1!1i2!8m2!3d14.0945625!4d74.4939068!16s%2Fg%2F11w46pzcn3!19sChIJK4DyE9tHvDsRiaTNSpJo2pY?authuser=0&hl=en&rclk=1,resort in murudeshwar
ChIJ10ABGs5gvjsRQwcq7Fa-_qs,Sea View Beach Resort,,,771,3.9,,,094834 21777,1,Sea View Beach Resort (Owner),,https://lh3.ggpht.com/p/AG0ilSwpCr43reiH0oUvv_CdYOWbcbZWOrwUI3zv_ebqhJtVe895jfD3--eH65SJX7XQ0Y32i6HiyTG_XihCOvjk6696QzETwIguRQStVMhYSdqjz_IE0NVsyWrSQQSfA-UiHNuitOPj=s1024,Resort hotel,"Resort hotel, Lodge, Restaurant",,,Open All Days,"Golf beach Road, Taluk, Murdeshwar, Karnataka 581350","hot water, price, budget, bedsheets, behaviour, hygiene, pay, team, happy, place",https://www.google.com/maps/place/Sea+View+Beach+Resort/data=!4m10!3m9!1s0x3bbe60ce1a0140d7:0xabfebe56ec2a0743!5m2!4m1!1i2!8m2!3d14.0877647!4d74.4885572!16s%2Fg%2F1tnbjl9w!19sChIJ10ABGs5gvjsRQwcq7Fa-_qs?authuser=0&hl=en&rclk=1,resort in murudeshwar
ChIJFQDO-9BGvDsRn5K-apa_pGY,Prabhu Homestay,,,256,3.9,,http://prabhuhomestaymurudeshwar.blogspot.com/,094486 39657,,Prabhu Homestay (Owner),https://www.google.com/maps/contrib/114621315844994317916,https://lh3.ggpht.com/p/AF1QipNJhhxMUV0T-m1fUnczOc6OHBTRrFkk7mOWsLsZ=s1024,Home Stay,"Home Stay, Extended stay hotel, Hotel, Lodge",,,Open All Days,"Murudeshwar Temple Hwy, Bhatkal, Murdeshwar, Karnataka 581350","price, hot water, beach, budget, clean rooms, owner, fan, money, check in, mosquitoes",https://www.google.com/maps/place/Prabhu+Homestay/data=!4m10!3m9!1s0x3bbc46d0fbce0015:0x66a4bf966abe929f!5m2!4m1!1i2!8m2!3d14.0934987!4d74.4899619!16s%2Fg%2F11f24wwq7w!19sChIJFQDO-9BGvDsRn5K-apa_pGY?authuser=0&hl=en&rclk=1,resort in murudeshwar
ChIJr2dDwTU7vDsRcSb1aSDZMEU,Sridevi White Sand resort,,,60,4.4,,http://srideviwhitesand.site/,087225 80829,,Sridevi White Sand resort (Owner),https://www.google.com/maps/contrib/111599055100810992785,https://lh3.ggpht.com/p/AF1QipMSBN9l9nigsMaqXTliyjxXGIDUk3FX8lJgZG9o=s1024,Resort hotel,Resort hotel,,,Open All Days,"Pavinakurva, Karnataka 581341","beach, property, balcony, management, number, website, dinner, menu, hygiene, amenities",https://www.google.com/maps/place/Sridevi+White+Sand+resort/data=!4m10!3m9!1s0x3bbc3b35c14367af:0x4530d92069f52671!5m2!4m1!1i2!8m2!3d14.3085625!4d74.4184375!16s%2Fg%2F11kpqpqpfj!19sChIJr2dDwTU7vDsRcSb1aSDZMEU?authuser=0&hl=en&rclk=1,resort in murudeshwar
ChIJRw8jqSlHvDsRdfvuAVNkoiU,Netrani Residency,,,572,4.1,,https://netraniresidency.com/,089894 94993,1,Netrani Residency (Owner),,https://lh3.ggpht.com/p/AG0ilSxjjkPWlXsL7YbSfEezBbk2OVUrckKRdIPe_Fh1pJd5xeV_hNMSr0cXCIjDujtoBzp0ylnLzPKk2obL4w62cOQWHIyb6NcD736LHA9J44hZxRKkDQrvHCeJ-lr1uh9vnebP912z=s1024,Resort hotel,Resort hotel,,,Open All Days,"3FWW+32W, Temple Road, Murdeshwar, Karnataka 581350","price, clean rooms, beach, hot water, scuba diving, mosquitoes, room service, budget, floor, temple",https://www.google.com/maps/place/Netrani+Residency/data=!4m10!3m9!1s0x3bbc4729a9230f47:0x25a2645301eefb75!5m2!4m1!1i2!8m2!3d14.0952313!4d74.4950665!16s%2Fg%2F11qrdfm6_w!19sChIJRw8jqSlHvDsRdfvuAVNkoiU?authuser=0&hl=en&rclk=1,resort in murudeshwar
ChIJMzyOPABHvDsRxSZ1xbIRbMQ,Prarthana recidency,,,74,3.7,,,093534 57238,,Prarthana recidency (Owner),https://www.google.com/maps/contrib/106670436168232709104,https://lh3.ggpht.com/p/AF1QipO_ZOFWeB-rLDMF1XLY8rLtLMU0zo8O5E3_Cyq_=s1024,Hotel,Hotel,,,Open All Days,"Murdeshwar, Mavalli, Karnataka 581350","customer, residency, thali, ventilation, non veg, linen, window, property",https://www.google.com/maps/place/Prarthana+recidency/data=!4m10!3m9!1s0x3bbc47003c8e3c33:0xc46c11b2c57526c5!5m2!4m1!1i2!8m2!3d14.0976472!4d74.5051055!16s%2Fg%2F11vm76zrrc!19sChIJMzyOPABHvDsRxSZ1xbIRbMQ?authuser=0&hl=en&rclk=1,resort in murudeshwar
ChIJzZdpa8RHvDsRkemkLRFe-rg,SIGANDOORESHWARI LODGE,"We provide a relaxed and comfortable staying experience in our Lodge which is just 10 mins of walking distance from the beach and the holy Murdeshwar Temple.
We do not compromise when it comes to quality, cleanliness and customer service.
Looking forward to welcome you and provide a wonderful staying experience with us.",,236,4,,,,,SIGANDOORESHWARI LODGE (Owner),https://www.google.com/maps/contrib/116955248756290275310,https://lh3.ggpht.com/p/AF1QipNbS9KxDkn-G_6LUiyVlyPgn6ZFqSWtnqMtXtGM=s1024,Lodging,Lodging,,,Open All Days,"Murdeshwar, Karnataka 581350","hotel, service, ac, hot water, bathroom, budget, clean rooms, morning, parking, wifi",https://www.google.com/maps/place/SIGANDOORESHWARI+LODGE/data=!4m10!3m9!1s0x3bbc47c46b6997cd:0xb8fa5e112da4e991!5m2!4m1!1i2!8m2!3d14.0952204!4d74.4946022!16s%2Fg%2F11my265tnf!19sChIJzZdpa8RHvDsRkemkLRFe-rg?authuser=0&hl=en&rclk=1,resort in murudeshwar
ChIJ9xclNHZBvDsRKgm63F00gms,Hotel Keerthi,,,230,3.7,,,094816 53559,,Hotel Keerthi (Owner),https://www.google.com/maps/contrib/102943186185426739531,https://lh3.ggpht.com/p/AF1QipNqZrj7zr8lcj-7KOkpbuYYzCwjfTj5jXOiizDo=s1024,Hotel,Hotel,,,Open All Days,"Uttara Koppa Rd, Murdeshwar, Karnataka 581421","bar, service, price, smell, spider, hot water, mosquito, people, food quality, highway",https://www.google.com/maps/place/Hotel+Keerthi/data=!4m10!3m9!1s0x3bbc4176342517f7:0x6b82345ddcba092a!5m2!4m1!1i2!8m2!3d14.078573!4d74.5056126!16s%2Fg%2F11fnwdjbd9!19sChIJ9xclNHZBvDsRKgm63F00gms?authuser=0&hl=en&rclk=1,resort in murudeshwar
ChIJrYeVFtFGvDsRG-bCScc6ln8,Jaya Paradise murdeswar,,,833,3.7,,http://contactinfo.in/Hotel/jaya-paradise-Lodging.html,083101 33098,,Jaya Paradise murdeswar (Owner),https://www.google.com/maps/contrib/104689636435922558184,https://lh3.ggpht.com/p/AF1QipOgh4tdVnOjmrX16UeQwsd0su80I6iirC6Y0qfC=s1024,Lodge,Lodge,,,Open All Days,"near Canara bank, Gangavati, Murdeshwar, Bhatkal, Karnataka 581350","price, bar, tv, bed sheets, balcony, hot water, room service, behaviour, toilet, need",https://www.google.com/maps/place/Jaya+Paradise+murdeswar/data=!4m10!3m9!1s0x3bbc46d1169587ad:0x7f963ac749c2e61b!5m2!4m1!1i2!8m2!3d14.0944631!4d74.4916099!16s%2Fg%2F11c1ncv15d!19sChIJrYeVFtFGvDsRG-bCScc6ln8?authuser=0&hl=en&rclk=1,resort in murudeshwar
ChIJL0o9hdNGvDsRwMiCIBzGEvc,Leema Residency,,,74,3.5,,https://leemaresidency.com/,094811 10837,,Leema Residency (Owner),https://www.google.com/maps/contrib/113861119991136993351,https://lh3.ggpht.com/p/AF1QipNtoG6KgMlogjO0ulXq8QbpNfF6yK280AAzVAZ7=s1024,Lodge,Lodge,,,Open All Days,"Temple Road, opp. Syndicate Bank, Murdeshwar, Karnataka 581350","hot water, prices, mosquitoes, behaviour, cooperation, smell, book",https://www.google.com/maps/place/Leema+Residency/data=!4m10!3m9!1s0x3bbc46d3853d4a2f:0xf712c61c2082c8c0!5m2!4m1!1i2!8m2!3d14.09507!4d74.4920937!16s%2Fg%2F11b7079ynr!19sChIJL0o9hdNGvDsRwMiCIBzGEvc?authuser=0&hl=en&rclk=1,resort in murudeshwar
ChIJ0_d0RNFGvDsRhQr0PrFxl14,Hotel THE palm Grove,,,421,3.2,,,,,Hotel THE palm Grove (Owner),https://www.google.com/maps/contrib/112109476946324376162,https://lh3.ggpht.com/p/AG0ilSwZx7JbPve2XDAj5ZTS3Tu1Je2uS6dzV4jhiSaegbITAPKe7dg-lU8BSjc2bR8nJM1yEkWoklMaeciQs_iUk-8K3i4otQ6E2o4qIn0-unTUa9T7GXJgLf4pSpnjQAs4tFFNtnfz=s1024,Lodge,Lodge,,,Open All Days,"Lakshmi Temple Main Rd, Murdeshwar, Karnataka 581350","hot water, taste, mosquito, money, customers, quantity, hygiene, management, chicken, beach",https://www.google.com/maps/place/Hotel+THE+palm+Grove/data=!4m10!3m9!1s0x3bbc46d14474f7d3:0x5e9771b13ef40a85!5m2!4m1!1i2!8m2!3d14.0953137!4d74.4925757!16s%2Fg%2F11b891p5yy!19sChIJ0_d0RNFGvDsRhQr0PrFxl14?authuser=0&hl=en&rclk=1,resort in murudeshwar
ChIJOcygy09mvDsRi-KqfEhKvzk,Wild Woods Resort,"Secluded forest resort offering polished cottages, plus a warm open-air eatery & an Ayurvedic spa.",,177,4.4,,,077609 76680,,Wild Woods Resort (Owner),https://www.google.com/maps/contrib/104985883177903327038,https://lh3.ggpht.com/p/AF1QipMPLi_zpJA_0JaPSz12Z9X6yuY-vKxqrFKkDF9b=s1024,Resort hotel,"Resort hotel, Adventure Sports Center, Day spa, Facial spa, Health food restaurant, Hotel, Massage spa, Nature preserve, Wellness center, Yoga Retreat Center",,,Open All Days,"Toodalli, Village, Yedthare Post, Shirur, Checkpost, Baindur, Karnataka 576228","villas, relax, plants, peaceful, river, games, property, management, kayaking, cottages",https://www.google.com/maps/place/Wild+Woods+Resort/data=!4m10!3m9!1s0x3bbc664fcba0cc39:0x39bf4a487caae28b!5m2!4m1!1i2!8m2!3d13.9428557!4d74.6494269!16s%2Fg%2F1tpn0_w3!19sChIJOcygy09mvDsRi-KqfEhKvzk?authuser=0&hl=en&rclk=1,resort in murudeshwar
ChIJF1FtHdhGvDsRD0ga-FLLiu8,Sun & Sand Luxury Stays Sea View,,,362,4.9,,http://sunandsandluxurystays.com/,089898 42828,,Sun & Sand Luxury Stays Sea View (Owner),https://www.google.com/maps/contrib/106447979894221863802,https://lh3.ggpht.com/p/AF1QipMkHQZ3J5vfQsNEH7kzLPlv2E0PVAASj1pEEDbA=s1024,Hotel,Hotel,,,Open All Days,"Naveen Beach Rd, Qazi Mohalla, Murdeshwar, Karnataka 581350","balcony, property, statue, shiva, clean rooms, sunset, room service, resort, the view, cooperative",https://www.google.com/maps/place/Sun+%26+Sand+Luxury+Stays+Sea+View/data=!4m10!3m9!1s0x3bbc46d81d6d5117:0xef8acb52f81a480f!5m2!4m1!1i2!8m2!3d14.100856!4d74.4875267!16s%2Fg%2F11ltsf0ld_!19sChIJF1FtHdhGvDsRD0ga-FLLiu8?authuser=0&hl=en&rclk=1,resort in murudeshwar
ChIJoyxJyNBGvDsRoqkKdKP23FE,Kamath Homestay - Homestay in Murudeshwar,,,134,4.1,,http://www.kamathhomestay.com/,097399 34770,,Kamath Homestay - Homestay in Murudeshwar (Owner),https://www.google.com/maps/contrib/101958719951301119972,https://lh3.ggpht.com/p/AG0ilSx2nZaBVIZ5iWrxrQIsGBwyRYpMiVo7iDhMFgWINOAUBL0y5nFU2Do5TiZtQmxNM0ElLPjnXosmqJmYcYCzIqXbA23A5EfyDA6PdGGBXamQGpnMGaMMq6Q99_t2NKQYXYiWZtiI=s1024,Home Stay,"Home Stay, Extended stay hotel, Farmstay, Guest house, Hotel, Resort hotel, Vacation home rental agency",,,Open All Days,"Post Office Road, near Venkataraman Temple, Murdeshwar, Karnataka 581350","beach, kitchen, price, service, distance, ventilation, 2021, dosa, hot water, cooperative",https://www.google.com/maps/place/Kamath+Homestay+-+Homestay+in+Murudeshwar/data=!4m10!3m9!1s0x3bbc46d0c8492ca3:0x51dcf6a3740aa9a2!5m2!4m1!1i2!8m2!3d14.0953861!4d74.4893077!16s%2Fg%2F11cnttbbz_!19sChIJoyxJyNBGvDsRoqkKdKP23FE?authuser=0&hl=en&rclk=1,resort in murudeshwar
ChIJh9H7AFddvDsRx5MQ6ms1Eps,M.M Resort Gorte Bhatkal,,,139,4.4,,https://www.mmresort.net/,,1,M.M Resort Gorte Bhatkal (Owner),,https://lh3.ggpht.com/p/AG0ilSzKfuLrmLOG1nDxZMu_3v01QpGyYVpk5S7cF-b2vOZSlbmPqXkDgVKGc5lr-FVuGu6_KAF_C5XMN7zpgj0iMsVJb_PGShDiHWryV9JYYpQYKIi3GJkVYC_4IXK2PAntW1azK26U=s1024,Resort hotel,Resort hotel,,,Open All Days,"WHVV+6MV, cross, Hadhalli, Gorte, Bhatkal, Karnataka 581320","functions, for children, wedding",https://www.google.com/maps/place/M.M+Resort+Gorte+Bhatkal/data=!4m10!3m9!1s0x3bbc5d5700fbd187:0x9b12356bea1093c7!5m2!4m1!1i2!8m2!3d13.9431212!4d74.5941843!16s%2Fg%2F11q3d2w8x8!19sChIJh9H7AFddvDsRx5MQ6ms1Eps?authuser=0&hl=en&rclk=1,resort in murudeshwar
ChIJy3w2vUxHvDsRchvq_PXe7Js,Shree Odeya Farm House,,,70,4,,,082172 62827,,Shree Odeya Farm House (Owner),https://www.google.com/maps/contrib/111967798916888277638,https://lh3.ggpht.com/p/AF1QipOYyxr9ZldzE03-MQmbXuR2XONf7RUacOlISQrX=s1024,Hotel,Hotel,,,Open All Days,"Gangavati, Murdeshwar, Karnataka 581350","hot water, owner, behaviour, book, service, price, parking space",https://www.google.com/maps/place/Shree+Odeya+Farm+House/data=!4m10!3m9!1s0x3bbc474cbd367ccb:0x9becdef5fcea1b72!5m2!4m1!1i2!8m2!3d14.0914137!4d74.4939443!16s%2Fg%2F11h6485zkz!19sChIJy3w2vUxHvDsRchvq_PXe7Js?authuser=0&hl=en&rclk=1,resort in murudeshwar
ChIJj0fbZNpGvDsR_iTK8OPS0H8,Kamath INN,Informal rooms in a down-to-earth guesthouse featuring a communal kitchenette & a lounge.,,1074,3.5,,,,1,Kamath INN (Owner),,https://lh3.ggpht.com/p/AG0ilSxE2bNvUezTIILPrTGN_94vWa6e56fr73Ck0Ri-FoIAhVAoHEkOi3_r5wWeXR1VCrPJoyyxM1CXk5UOocOD7376_q1k4sAp9fCJNTv6sz4sjji7Mx8je7dH5hjvxx-kjB2wkZY4=s1024,Lodge,"Lodge, Guest house, Hotel, Inn, Home Stay, Resort hotel",,,Open All Days,"Beach road, Matadahitlu, Murdeshwar, Karnataka 581350","hot water, beach, AC, management, room service, cleanliness, drinking water, lift, residency, shiva",https://www.google.com/maps/place/Kamath+INN/data=!4m10!3m9!1s0x3bbc46da64db478f:0x7fd0d2e3f0ca24fe!5m2!4m1!1i2!8m2!3d14.0913925!4d74.4915702!16s%2Fg%2F11f39s9kg1!19sChIJj0fbZNpGvDsR_iTK8OPS0H8?authuser=0&hl=en&rclk=1,resort in murudeshwar
ChIJUyt3FtpGvDsRfYjvWSQ76Cc,Kamath Yatri Nivas - Hotel in Murudeshwar,"Pared-back quarters, some with beach views, in a modest lodging offering a vegetarian restaurant.",,1164,3.4,,https://booking.kamathhomestay.com/,095387 37778,,Kamath Yatri Nivas - Hotel in Murudeshwar (Owner),https://www.google.com/maps/contrib/108319960404951214042,https://lh3.ggpht.com/p/AF1QipNash2tM54iZuFJK9ew6skk3JOWBoBYDBh_YHs3=s1024,Hotel,"Hotel, Resort hotel",,,Open All Days,"Temple & Beach, Door No. 378/A/B, Murudeshwar Temple Hwy, opp. Murdeshwar, Murdeshwar, Karnataka 581350","beach, taste, lunch, vegetarian food, food quality, poori, average, fried rice, manners, sambar",https://www.google.com/maps/place/Kamath+Yatri+Nivas+-+Hotel+in+Murudeshwar/data=!4m10!3m9!1s0x3bbc46da16772b53:0x27e83b2459ef887d!5m2!4m1!1i2!8m2!3d14.0947928!4d74.4865047!16s%2Fg%2F11h1pc5ph!19sChIJUyt3FtpGvDsRfYjvWSQ76Cc?authuser=0&hl=en&rclk=1,resort in murudeshwar
ChIJ0Yj0wdBGvDsR19e_3Hbh-oM,Bhadrambikeshwara Residency,,,246,3,,,094815 89056,1,Bhadrambikeshwara Residency (Owner),,https://lh3.ggpht.com/p/AG0ilSxRxfZLUSWJ-Y4_JGMoE79k-4WSdW-_PeZ24SptjwgaGl9hyYZTI7kMFxWjaosJrX_AO9yFasTqcBraL_H2S24DUUuYQp2rjtyE-Ns1RfSxO_halItq9X73cd1IULFhUTyRmRL7Fg=s1024,Lodge,Lodge,,,Open All Days,"3FVQ+GGG, Murudeshwar Temple Hwy, Matadahitlu, Murdeshwar, Karnataka 581350","service, behaviour, price, money, hot water, AC, ventilation, economy, fraud, rude",https://www.google.com/maps/place/Bhadrambikeshwara+Residency/data=!4m10!3m9!1s0x3bbc46d0c1f488d1:0x83fae176dcbfd7d7!5m2!4m1!1i2!8m2!3d14.0938118!4d74.4888252!16s%2Fg%2F11f4wtm_8j!19sChIJ0Yj0wdBGvDsR19e_3Hbh-oM?authuser=0&hl=en&rclk=1,resort in murudeshwar
ChIJYfHYewBBvDsRKStrmLAxxHM,Shri Murdeshwar Home Stay,,,4,4,,,096110 89192,,Shri Murdeshwar Home Stay (Owner),https://www.google.com/maps/contrib/101592560390859189174,https://lh3.ggpht.com/p/AF1QipPy60pKQ1IuN8NaHvH2FS9SgBIOOrZf79FLT3Pr=s1024,Home Stay,Home Stay,,,Open All Days,"Janta colony, near Railway station, Mavalli, Karnataka 581350",,https://www.google.com/maps/place/Shri+Murdeshwar+Home+Stay/data=!4m10!3m9!1s0x3bbc41007bd8f161:0x73c431b0986b2b29!5m2!4m1!1i2!8m2!3d14.1023931!4d74.5041605!16s%2Fg%2F11vpjbykt5!19sChIJYfHYewBBvDsRKStrmLAxxHM?authuser=0&hl=en&rclk=1,resort in murudeshwar
ChIJo94hwtBGvDsRJovpXBQmMTE,Shri Vighneshwar Yatri Nivas,,,90,4.2,,,,,Shri Vighneshwar Yatri Nivas (Owner),https://www.google.com/maps/contrib/104324875961408291938,https://lh3.ggpht.com/p/AF1QipM4IKd3TwLxtshfpJZLAxRf6K2We605IBvZIz9j=s1024,Lodge,Lodge,,,Open All Days,"Murudeshwar Temple Hwy, Murdeshwar, Karnataka 581350","price, hot water, information",https://www.google.com/maps/place/Shri+Vighneshwar+Yatri+Nivas/data=!4m10!3m9!1s0x3bbc46d0c221dea3:0x313126145ce98b26!5m2!4m1!1i2!8m2!3d14.0942379!4d74.488298!16s%2Fg%2F11g9qgfdm6!19sChIJo94hwtBGvDsRJovpXBQmMTE?authuser=0&hl=en&rclk=1,resort in murudeshwar
ChIJB69HEjNHvDsRLCRuBG5wkD4,Shaktisha Paradies,,,60,3.4,,,,,Shaktisha Paradies (Owner),https://www.google.com/maps/contrib/115448762255558929404,https://lh3.ggpht.com/p/AF1QipM9fWI4npDwTHOyutDNXp8Dt78k4XxqOpukNH1g=s1024,Lodge,Lodge,,,Open All Days,"Temple Road, near Canara Bank, Murdeshwar, Karnataka 581350","parking, AC, distance, toilets, hygiene, money, clean rooms, customer, beach, towels",https://www.google.com/maps/place/Shaktisha+Paradies/data=!4m10!3m9!1s0x3bbc47331247af07:0x3e90706e046e242c!5m2!4m1!1i2!8m2!3d14.0951363!4d74.4913112!16s%2Fg%2F11pld46wq3!19sChIJB69HEjNHvDsRLCRuBG5wkD4?authuser=0&hl=en&rclk=1,resort in murudeshwar
ChIJmRumPFlHvDsR0ejLqRD9W6I,Murudeshwar boarding and lodging,,,10,2,,,,1,Murudeshwar boarding and lodging (Owner),,https://lh3.ggpht.com/p/AG0ilSxjS5V47KK780t2q8Oc9BELY5n4-zPIl03tCGe60BxOmmL35Lp_dnom3RmX6dUniTqk-PTcIxp1LbyTBvJqoytWA3oF2AYbjYm_Zld8cTUMphHVxwvpltP3dw_U0OKtHRJZXUCf3g=s1024,Motel,Motel,,,Open All Days,"3FVQ+R2V, Murdeshwar, Karnataka 581350","toilet, smell, maintenance",https://www.google.com/maps/place/Murudeshwar+boarding+and+lodging/data=!4m10!3m9!1s0x3bbc47593ca61b99:0xa25bfd10a9cbe8d1!5m2!4m1!1i2!8m2!3d14.0946173!4d74.4875605!16s%2Fg%2F11txpx82yc!19sChIJmRumPFlHvDsR0ejLqRD9W6I?authuser=0&hl=en&rclk=1,resort in murudeshwar
ChIJVQMl3Q9HvDsRW8sv43vMNm4,Murdeshwar homestay,,,62,4,,,087225 40563,1,Murdeshwar homestay (Owner),,https://lh3.ggpht.com/p/AG0ilSz4kXZIRbETqWo6_mv5CiLLO_WE91NbubK7W7rYxGG54Hhxoibbc2zU5jRmCiXSNT41NajcL6tvGkOw1kOpTNWkPKz5kGImULCyA3Ukco06SxMkhBadiBRhm_XyuRFWDhOm8Dmf=s1024,Home Stay,Home Stay,,,Open All Days,"Basti road, Bhatkal, Matadahitlu, Murdeshwar, Bhatkal, Karnataka 581350","owner, service",https://www.google.com/maps/place/Murdeshwar+homestay/data=!4m10!3m9!1s0x3bbc470fdd250355:0x6e36cc7be32fcb5b!5m2!4m1!1i2!8m2!3d14.0935028!4d74.488755!16s%2Fg%2F11gzlyfwq5!19sChIJVQMl3Q9HvDsRW8sv43vMNm4?authuser=0&hl=en&rclk=1,resort in murudeshwar
ChIJR2ZiD85GvDsRG5GLJRvi1dg,Patricia Residency Boarding & Lodging,,,3,3.7,,,,1,Patricia Residency Boarding & Lodging (Owner),,https://lh3.ggpht.com/p/AG0ilSxknsZcwcYNU7ZFaCIIoa3FE5IWRwQWfOLL-v7qmyZ5VT_F5Nra_AX3fCnAiWSosln8LgF0jVwu2d4iNbkzKOqlN4EZWDLlHMRdXNEznlBxQyWZL52GtPUSmSYflFRe44C9FIxX=s1024,Hotel,Hotel,,,Open All Days,"3FQV+W6Q, Murdeshwar Rd, Matadahitlu, Murdeshwar, Karnataka 581350",,https://www.google.com/maps/place/Patricia+Residency+Boarding+%26+Lodging/data=!4m10!3m9!1s0x3bbc46ce0f626647:0xd8d5e21b258b911b!5m2!4m1!1i2!8m2!3d14.0898437!4d74.4931016!16s%2Fg%2F11vxpkl8k5!19sChIJR2ZiD85GvDsRG5GLJRvi1dg?authuser=0&hl=en&rclk=1,resort in murudeshwar
ChIJHXzM_M1GvDsRliIE6hx2bIQ,OYO 61978 Ptricia Residency,,,262,3.6,,https://www.oyorooms.com/83240/,0124 620 1327,,OYO 61978 Ptricia Residency (Owner),https://www.google.com/maps/contrib/109702088836070104144,https://lh3.ggpht.com/p/AG0ilSxaHvA4UgGZhlzEQ2MvdFBp0UEonsulHQIvesemjiEhbPlxWCtVkey0LWSeoYgceYpJSJ8oIHn2Q2BQUaibhG_4ABw3XTXH-15lowMVElH8BYaXuSVl59dqR9wKuT0-4NKHgLML=s1024,Hotel,Hotel,,,Open All Days,"Matadahitlu, Murdeshwar, Karnataka 581350","service, price, beach, distance, hot water, walkable, water bottle, railway station, bus, parking",https://www.google.com/maps/place/OYO+61978+Ptricia+Residency/data=!4m10!3m9!1s0x3bbc46cdfccc7c1d:0x846c761cea042296!5m2!4m1!1i2!8m2!3d14.089686!4d74.493023!16s%2Fg%2F11b6sdwxnk!19sChIJHXzM_M1GvDsRliIE6hx2bIQ?authuser=0&hl=en&rclk=1,resort in murudeshwar
ChIJKcpT59NGvDsRWolMh0XeQo4,Hotel Murdeshwar International Lodging And Boarding,,,292,3.7,"Name: Kamath Yatri Nivas - Hotel in Murudeshwar
Link: https://www.google.com/maps/search/Kamath+Yatri+Nivas+-+Hotel+in+Murudeshwar/@14.094792799999999,74.4865047?authuser=0&hl=en&entry=ttu
Reviews: 1164 reviews

Name: SIGANDOORESHWARI LODGE
Link: https://www.google.com/maps/search/SIGANDOORESHWARI+LODGE/@14.095220399999999,74.4946022?authuser=0&hl=en&entry=ttu
Reviews: 236 reviews

Name: Shri Vighneshwar Yatri Nivas
Link: https://www.google.com/maps/search/Shri+Vighneshwar+Yatri+Nivas/@14.0942379,74.488298?authuser=0&hl=en&entry=ttu
Reviews: 90 reviews

Name: Murudeshwar boarding and lodging
Link: https://www.google.com/maps/search/Murudeshwar+boarding+and+lodging/@14.0946173,74.48756050000001?authuser=0&hl=en&entry=ttu
Reviews: 10 reviews",,,,Hotel Murdeshwar International Lodging And Boarding (Owner),https://www.google.com/maps/contrib/116662890214717890366,https://lh3.ggpht.com/p/AF1QipNaeaTKCC439DGu2FgaiRkqBN5YW1KIrCf_75A3=s1024,Lodge,Lodge,,,Open All Days,"Temple main road,Murdeshwar,Bhatkal, Murdeshwar, Karnataka 581421","AC, mosquito, hot water, service, prices",https://www.google.com/maps/place/Hotel+Murdeshwar+International+Lodging+And+Boarding/data=!4m10!3m9!1s0x3bbc46d3e753ca29:0x8e42de45874c895a!5m2!4m1!1i2!8m2!3d14.0668682!4d74.5049217!16s%2Fg%2F11f03z7r6h!19sChIJKcpT59NGvDsRWolMh0XeQo4?authuser=0&hl=en&rclk=1,resort in murudeshwar
ChIJNbIZXNFGvDsR7H6qjJPoeFg,Esha Lodging and Boarding,,,233,3.7,,,097394 79395,,Esha Lodging and Boarding (Owner),https://www.google.com/maps/contrib/118255469151902722145,https://lh3.ggpht.com/p/AG0ilSycyLAp_L2NNpQ5y-domQIYD4dVddBZ40SSGiTvsPbnBkMoeJwHUw5BRW_xSpGz504Esg1ih5e9eJO3GL1-nqYEWRt9mEVIzz_g-5uu7blHwKiO8D5FSp7wsg4XYibCQ62RZDKG=s1024,Lodge,Lodge,,,Open All Days,"Murudeshwar Temple Hwy, Murdeshwar, Karnataka 581350","AC, mosquitoes, service, window, toilet, hot water, noise, owner, star, price",https://www.google.com/maps/place/Esha+Lodging+and+Boarding/data=!4m10!3m9!1s0x3bbc46d15c19b235:0x5878e8938caa7eec!5m2!4m1!1i2!8m2!3d14.095069!4d74.493199!16s%2Fg%2F11b88ymvm3!19sChIJNbIZXNFGvDsR7H6qjJPoeFg?authuser=0&hl=en&rclk=1,resort in murudeshwar
ChIJDYJDodBGvDsRn6fCnhE_tGA,Hotel Shri Ganesh Bhavan,,,291,3.7,,,094804 62175,,Hotel Shri Ganesh Bhavan (Owner),https://www.google.com/maps/contrib/109498659258762681590,https://lh3.ggpht.com/p/AG0ilSz42qwfAhKSh_l7F8NYbS9L6V6roMfbUdVZ-2zEpmTT0XVXMASasCan_NnXW-yBDuhtwQr5WQKQBu2lu0YwI8jPC-ukMtDZQvA24Fo2XpKMHmRL4ahj_USvOL5taA_m9gZspiq7=s1024,Vegetarian restaurant,Vegetarian restaurant,,,Open All Days,"Murudeshwar Temple Hwy, Murdeshwar, Karnataka 581350","idli, service, south indian food, price, set dosa, average",https://www.google.com/maps/place/Hotel+Shri+Ganesh+Bhavan/data=!4m10!3m9!1s0x3bbc46d0a143820d:0x60b43f119ec2a79f!5m2!4m1!1i2!8m2!3d14.0947422!4d74.4880441!16s%2Fg%2F11g_4kx9t!19sChIJDYJDodBGvDsRn6fCnhE_tGA?authuser=0&hl=en&rclk=1,resort in murudeshwar
